{
	"pattrstorage" : 	{
		"name" : "emdm.randomRhythm~",
		"slots" : 		{
			"1" : 			{
				"id" : 1,
				"data" : 				{
					"domain1" : [ 140.0 ],
					"domain2" : [ 60.0 ],
					"domain3" : [ 391.0 ],
					"fm1" : [ 1000.0, 0.0, 1.0, 21.971438371225688, 1.0, 0, 90.153256553043875, 0.269648168364561, 0, 306.062347462134767, 0.989648168364561, 0, 465.153256553043889, 0.069648168364561, 0, 681.062347462134767, 0.869648168364561, 0, 1000.0, 0.0, 0, "linear" ],
					"fm2" : [ 140.0, 0.0, 1.0, 0.0, 0.3755157102781, 0, 4.889561473090641, 0.0, 0, "linear" ],
					"fm3" : [ 1000.0, 0.0, 1.0, 0.0, 0.932375300208128, 0, 259.356866466698023, 0.205102579871213, 0, 525.000311394953997, 0.205102579871213, 0, 805.401725485890779, 0.984323351660764, 0, 1000.0, 0.308998682776487, 0, "linear" ],
					"fm4" : [ 60.0, 0.0, 1.0, 0.0, 0.571747143601556, 0, 10.050346212303999, 0.0, 0, "linear" ],
					"fm5" : [ 1000.0, 0.0, 1.0, 0.0, 0.0, 0, 487.367488404536516, 0.10120647696594, 0, 546.399365055260091, 0.776531145850217, 0, 679.221087519387993, 0.153154528418577, 0, 856.316717471558604, 1.0, 0, 1000.0, 0.0, 0, "linear" ],
					"fm6" : [ 391.0, 0.0, 1.0, 0.0, 0.050840388699121, 0, 103.660502188791355, 0.885719787045068, 0, 282.541846409646439, 0.0, 0, "linear" ],
					"length" : [ 50 ],
					"tempo" : [ 39 ]
				}

			}
,
			"2" : 			{
				"id" : 2,
				"data" : 				{
					"domain1" : [ 18.0 ],
					"domain2" : [ 16.0 ],
					"domain3" : [ 17.0 ],
					"fm1" : [ 1000.0, 0.0, 1.0, 170.0, 0.057, 0, 315.0, 0.202, 0, 420.0, 0.894, 0, 617.0, 0.185, 0, "linear" ],
					"fm2" : [ 18.0, 0.0, 1.0, 0.0, 0.787, 0, 0.0, 0.191, 0, 0.0, 0.895, 0, 0.0, 0.042, 0, 18.0, 0.0, 0, "linear" ],
					"fm3" : [ 1000.0, 0.0, 1.0, 22.0, 0.044, 0, 33.0, 0.767, 0, 135.0, 0.16, 0, 254.0, 0.574, 0, "linear" ],
					"fm4" : [ 16.0, 0.0, 1.0, 0.0, 0.818, 0, 0.695652173913043, 0.966, 0, 1.391304347826087, 0.88, 0, 4.173913043478261, 0.841, 0, 16.0, 0.0, 0, "linear" ],
					"fm5" : [ 1000.0, 0.0, 1.0, 16.0, 0.561, 0, 169.0, 0.082, 0, 217.0, 0.04, 0, 260.0, 0.949, 0, "linear" ],
					"fm6" : [ 17.0, 0.0, 1.0, 0.0, 0.051, 0, 2.741935483870968, 0.938, 0, 4.935483870967742, 0.747, 0, 6.580645161290322, 0.442, 0, 17.0, 0.0, 0, "linear" ],
					"length" : [ 36 ],
					"tempo" : [ 33 ]
				}

			}
,
			"3" : 			{
				"id" : 3,
				"data" : 				{
					"domain1" : [ 26.0 ],
					"domain2" : [ 24.0 ],
					"domain3" : [ 25.0 ],
					"fm1" : [ 1000.0, 0.0, 1.0, 154.0, 0.99, 0, 188.0, 0.389, 0, 362.0, 0.621, 0, 513.0, 0.627, 0, "linear" ],
					"fm2" : [ 26.0, 0.0, 1.0, 0.0, 0.168, 0, 0.0, 0.606, 0, 0.0, 0.1, 0, 1.0, 0.484, 0, 26.0, 0.0, 0, "linear" ],
					"fm3" : [ 1000.0, 0.0, 1.0, 41.0, 0.748, 0, 151.0, 0.409, 0, 247.0, 0.545, 0, 315.0, 0.896, 0, "linear" ],
					"fm4" : [ 24.0, 0.0, 1.0, 0.0, 0.741, 0, 4.5, 0.106, 0, 8.25, 0.819, 0, 10.5, 0.548, 0, 24.0, 0.0, 0, "linear" ],
					"fm5" : [ 1000.0, 0.0, 1.0, 159.0, 0.603, 0, 358.0, 0.729, 0, 545.0, 0.426, 0, 601.0, 0.707, 0, "linear" ],
					"fm6" : [ 25.0, 0.0, 1.0, 0.0, 0.1, 0, 0.0, 0.363, 0, 0.0, 0.662, 0, 0.0, 0.22, 0, 25.0, 0.0, 0, "linear" ],
					"length" : [ 36 ],
					"tempo" : [ 48 ]
				}

			}
,
			"4" : 			{
				"id" : 4,
				"data" : 				{
					"domain1" : [ 45.0 ],
					"domain2" : [ 69.0 ],
					"domain3" : [ 197.0 ],
					"fm1" : [ 1000.0, 0.0, 1.0, 124.0, 0.141, 0, 237.0, 0.463, 0, 348.0, 0.098, 0, 465.0, 0.636, 0, "linear" ],
					"fm2" : [ 45.0, 0.0, 1.0, 0.0, 0.916, 0, 3.592436974789916, 0.368, 0, 11.722689075630251, 0.672, 0, 15.693277310924369, 0.728, 0, 45.0, 0.0, 0, "linear" ],
					"fm3" : [ 1000.0, 0.0, 1.0, 6.0, 0.135, 0, 41.0, 0.786, 0, 90.0, 0.642, 0, 246.0, 0.439, 0, "linear" ],
					"fm4" : [ 69.0, 0.0, 1.0, 0.0, 0.799, 0, 3.45, 0.939, 0, 16.962499999999999, 0.624, 0, 28.462499999999999, 0.844, 0, 69.0, 0.0, 0, "linear" ],
					"fm5" : [ 1000.0, 0.0, 1.0, 194.0, 0.265, 0, 388.0, 0.259, 0, 423.0, 0.902, 0, 523.0, 0.881, 0, "linear" ],
					"fm6" : [ 197.0, 0.0, 1.0, 0.0, 0.285, 0, 2.955, 0.278, 0, 15.76, 0.344, 0, 45.310000000000002, 0.972, 0, 197.0, 0.0, 0, "linear" ],
					"length" : [ 350 ],
					"tempo" : [ 49 ]
				}

			}
,
			"5" : 			{
				"id" : 5,
				"data" : 				{
					"domain1" : [ 284.0 ],
					"domain2" : [ 998.0 ],
					"domain3" : [ 760.0 ],
					"fm1" : [ 1000.0, 0.0, 1.0, 113.0, 0.325, 0, 140.0, 0.573, 0, 188.0, 0.404, 0, 194.0, 0.888, 0, "linear" ],
					"fm2" : [ 284.0, 0.0, 1.0, 0.0, 0.236, 0, 30.428571428571427, 0.181, 0, 40.571428571428569, 0.046, 0, 101.428571428571416, 0.459, 0, 284.0, 0.0, 0, "linear" ],
					"fm3" : [ 1000.0, 0.0, 1.0, 72.0, 0.828, 0, 192.0, 0.949, 0, 201.0, 0.667, 0, 239.0, 0.534, 0, "linear" ],
					"fm4" : [ 998.0, 0.0, 1.0, 0.0, 0.434, 0, 164.686468646864682, 0.382, 0, 174.56765676567656, 0.473, 0, 372.191419141914196, 0.203, 0, 998.0, 0.0, 0, "linear" ],
					"fm5" : [ 1000.0, 0.0, 1.0, 199.0, 0.216, 0, 310.0, 0.339, 0, 355.0, 0.361, 0, 525.0, 0.661, 0, "linear" ],
					"fm6" : [ 760.0, 0.0, 1.0, 0.0, 0.768, 0, 33.333333333333336, 0.233, 0, 180.0, 0.834, 0, 293.333333333333371, 0.808, 0, 760.0, 0.0, 0, "linear" ],
					"length" : [ 1200 ],
					"tempo" : [ 15 ]
				}

			}
,
			"6" : 			{
				"id" : 6,
				"data" : 				{
					"domain1" : [ 31.0 ],
					"domain2" : [ 112.0 ],
					"domain3" : [ 33.0 ],
					"fm1" : [ 1000.0, 0.0, 1.0, 137.0, 0.899, 0, 245.0, 0.856, 0, 376.0, 0.856, 0, 403.0, 0.936, 0, "linear" ],
					"fm2" : [ 31.0, 0.0, 1.0, 0.0, 0.444, 0, 4.203389830508475, 0.767, 0, 7.88135593220339, 0.648, 0, 12.610169491525426, 0.764, 0, 31.0, 0.0, 0, "linear" ],
					"fm3" : [ 1000.0, 0.0, 1.0, 162.0, 0.527, 0, 166.0, 0.027, 0, 231.0, 0.31, 0, 322.0, 0.715, 0, "linear" ],
					"fm4" : [ 112.0, 0.0, 1.0, 0.0, 0.499, 0, 10.666666666666666, 0.617, 0, 16.0, 0.406, 0, 21.333333333333332, 0.451, 0, 112.0, 0.0, 0, "linear" ],
					"fm5" : [ 1000.0, 0.0, 1.0, 144.0, 0.508, 0, 210.0, 0.052, 0, 229.0, 0.02, 0, 368.0, 0.086, 0, "linear" ],
					"fm6" : [ 33.0, 0.0, 1.0, 0.0, 0.559, 0, 3.979411764705882, 0.688, 0, 4.125, 0.0, 0, 9.026470588235295, 0.946, 0, 33.0, 0.0, 0, "linear" ],
					"length" : [ 120 ],
					"tempo" : [ 52 ]
				}

			}

		}

	}

}
